name,cgpa
naveen,9.000000
rohith,9.000000
zzx,9.090000
zzw,9.490000
zzz,9.720000
caaarter,10.000000
zyt,9.370000
zyw,9.490000
zzr,9.510000
zzm,9.730000
zyn,9.810000
zzc,9.980000
zxv,9.040000
zxk,9.110000
zxh,9.130000
zyj,9.460000
zxt,9.790000
zya,9.810000
zwo,9.110000
zwl,9.130000
zwr,9.210000
zwq,9.240000
zwn,9.250000
zwy,9.290000
zxd,9.500000
zwc,9.710000
zwx,9.750000
zwt,9.980000
zvb,9.060000
zvq,9.080000
zvj,9.170000
zvh,9.320000
zvs,9.840000
zvu,9.860000
zue,9.120000
zts,9.360000
zus,9.620000
zub,9.790000
zun,9.870000
ztv,9.910000
zsp,9.160000
zst,9.250000
zsw,9.550000
ztd,9.600000
ztm,9.670000
zsk,9.850000
ztn,9.900000
zrn,9.100000
zrf,9.200000
zro,9.240000
zse,9.540000
zrs,9.710000
zrx,9.840000
zrq,9.860000
zsa,9.920000
zqg,9.220000
zqm,9.560000
zos,9.090000
zou,9.140000
zpd,9.260000
zpb,9.300000
zpo,9.720000
zpf,9.770000
znw,9.140000
zom,9.200000
znx,9.400000
znr,9.550000
zof,9.910000
znz,9.990000
zoh,10.000000
zmw,9.100000
zml,9.130000
zmi,9.350000
zmk,9.420000
zmj,9.650000
zne,9.900000
zlz,9.380000
zlp,9.480000
zmb,9.750000
zlb,9.870000
zka,9.100000
zjz,9.460000
zkg,9.670000
zko,9.860000
ziq,9.940000
zhy,9.030000
zhs,9.070000
zhg,9.100000
zhv,9.590000
zhh,9.860000
zil,9.870000
zig,9.900000
zhd,9.240000
zgv,9.350000
zgg,9.640000
zgk,9.670000
zfi,9.690000
zfu,9.970000
zdv,9.230000
zdx,9.490000
zeb,9.550000
zet,9.620000
zdo,9.880000
zdk,9.010000
zdf,9.140000
zda,9.200000
zdh,9.200000
zdm,9.220000
zci,9.230000
zdd,9.260000
zcv,9.330000
zcw,9.430000
zcq,9.530000
zcs,9.580000
zcx,9.640000
zde,9.670000
zcj,9.870000
zbu,9.130000
zcd,9.160000
zbt,9.180000
zbl,9.210000
zcb,9.360000
zca,9.680000
zbd,9.790000
zbg,9.800000
zaa,9.060000
zam,9.440000
zba,9.550000
yzz,9.660000
zaz,9.700000
zak,9.890000
yzk,9.060000
yyu,9.080000
yzl,9.210000
yze,9.500000
yzn,9.590000
yza,9.680000
yxm,9.030000
yxx,9.030000
yym,9.240000
yxu,9.260000
yxt,9.340000
yyl,9.360000
yxy,9.530000
yye,9.890000
yxf,9.100000
ywz,9.280000
ywl,9.350000
ywt,9.350000
ywo,9.410000
ywf,9.720000
yxi,9.750000
yxj,9.920000
yxa,9.950000
yxe,9.960000
yvr,9.940000
yur,9.030000
yuh,9.330000
yuu,9.460000
yut,9.480000
yub,9.520000
yuj,9.740000
yua,9.790000
yts,9.970000
ytc,9.090000
ytn,9.170000
ytf,9.260000
ytb,9.360000
yti,9.440000
ytg,9.490000
ytq,9.680000
ysy,9.760000
ysw,9.800000
ysb,9.260000
yru,9.580000
yrq,9.610000
yrv,9.690000
yrm,9.720000
ysi,9.770000
yrg,9.870000
yrs,9.890000
yqi,9.850000
yqo,9.940000
ypl,9.080000
yow,9.120000
ypi,9.240000
you,9.320000
yoz,9.390000
ypw,9.530000
ypk,9.680000
ypa,9.830000
ypd,9.960000
ynt,9.040000
yoj,9.270000
ynp,9.540000
yom,9.580000
yoe,9.660000
yoo,9.880000
ynd,9.470000
ymx,9.510000
ymq,9.520000
ymf,9.490000
yll,9.920000
ylm,9.940000
ymc,9.950000
ykq,9.090000
ykn,9.550000
ylb,9.660000
ykh,9.760000
yjm,9.030000
yit,9.220000
yiz,9.460000
yja,9.770000
yjp,9.890000
yht,9.120000
yhv,9.180000
yil,9.230000
yij,9.450000
yhx,9.690000
yif,9.900000
ygj,9.010000
ygv,9.010000
yhg,9.070000
ygi,9.460000
ygy,9.740000
ygl,9.940000
yge,9.950000
yfm,9.190000
yfg,9.260000
yfn,9.320000
yfj,9.360000
yfx,9.460000
yfu,9.660000
yfq,9.890000
yfc,9.950000
yeq,9.230000
yec,9.420000
yel,9.850000
yek,10.000000
ydd,9.120000
ydh,9.240000
ydb,9.430000
ydo,9.590000
ycv,9.810000
ydn,9.880000
yct,9.930000
ych,9.290000
ybq,9.390000
ybv,9.740000
yck,9.760000
ybh,9.810000
ybx,9.820000
ycg,9.870000
yci,9.880000
yak,9.250000
yaz,9.360000
yao,9.640000
yam,9.810000
xzk,9.070000
xze,9.410000
xzb,9.600000
xzi,9.890000
xzm,9.910000
xye,9.180000
xyg,9.200000
xxo,9.210000
xxv,9.260000
xxt,9.280000
xyc,9.570000
xyd,9.640000
xxw,9.700000
xxy,9.700000
xyn,9.790000
xyk,9.890000
xwx,9.070000
xwt,9.120000
xwo,9.130000
xwy,9.210000
xxe,9.380000
xxb,9.480000
xxg,9.700000
xvp,9.010000
xwc,9.030000
xve,9.070000
xvh,9.130000
xvz,9.350000
xuy,9.030000
xud,9.040000
xux,9.260000
xul,9.430000
xvb,9.540000
xuh,9.600000
xuc,9.660000
xta,9.180000
xtt,9.270000
xtl,9.530000
xtf,9.710000
xth,9.730000
xsq,9.790000
xsu,9.800000
xtd,9.820000
xtm,9.880000
xss,9.970000
xsv,9.980000
xsb,9.800000
xsk,9.980000
xrh,9.100000
xqw,9.320000
xqi,9.370000
xqs,9.440000
xqj,9.720000
xqq,9.840000
xpq,9.060000
xpl,9.090000
xoy,9.180000
xpx,9.180000
xpy,9.380000
xpv,9.640000
xpe,9.870000
xpz,9.910000
xnv,9.110000
xoh,9.660000
xoe,9.760000
xnr,9.030000
xng,9.050000
xnn,9.380000
xnd,9.590000
xnc,9.610000
xmv,9.940000
xnk,9.990000
xml,9.040000
xmd,9.120000
xlz,9.320000
xmj,9.350000
xlj,9.400000
xlo,9.620000
xlp,9.730000
xme,9.840000
xmk,9.930000
xlu,9.960000
xkk,9.040000
xkl,9.090000
xla,9.100000
xkz,9.450000
xkx,9.490000
xkq,9.720000
xle,9.740000
xkw,9.820000
xki,9.920000
xjl,9.070000
xjc,9.680000
xjw,9.770000
xjj,9.910000
xjv,9.920000
xit,9.030000
xhu,9.060000
xhv,9.230000
xhw,9.610000
xia,9.820000
xht,9.840000
xhb,9.040000
xhj,9.160000
xhc,9.380000
xhi,9.450000
xgk,9.620000
xhd,9.790000
xgq,9.980000
xgd,9.160000
xfq,9.380000
xfm,9.490000
xee,9.030000
xea,9.070000
xep,9.150000
xed,9.230000
xex,9.600000
xfb,9.980000
xdm,9.060000
xcu,9.490000
xdr,9.550000
xcs,9.650000
xcg,9.270000
xcb,9.320000
xco,9.450000
xbx,9.510000
xbr,9.690000
xbu,9.730000
xbt,9.890000
xbh,9.040000
xaq,9.730000
xam,9.820000
xas,9.850000
xar,9.870000
wzl,9.090000
wzs,9.370000
xaa,9.380000
wzm,9.590000
wxw,9.040000
wys,9.050000
wyp,9.090000
wxv,9.130000
wym,9.410000
wyn,9.630000
wyv,9.820000
wyj,9.860000
wxs,9.960000
wwu,9.030000
wwx,9.040000
wxg,9.530000
wxl,9.540000
www,9.570000
wxd,9.900000
wvy,9.020000
wvm,9.340000
wwh,9.410000
wvx,9.760000
wwe,9.800000
wvn,9.970000
wuo,9.070000
wuf,9.500000
wuk,9.590000
wua,9.680000
wuh,9.840000
wul,9.960000
wum,10.000000
wup,10.000000
wtp,9.160000
wtd,9.260000
wti,9.630000
wsr,9.180000
wsc,9.290000
wso,9.400000
wsa,9.540000
wsm,9.700000
wqi,9.020000
wqk,9.030000
wqy,9.150000
wrh,9.290000
wqz,9.460000
wrj,9.460000
wre,9.600000
wql,9.610000
wrn,9.680000
wpu,9.030000
wqh,9.070000
wpp,9.610000
wqe,9.940000
wox,9.070000
woc,9.140000
wob,9.150000
woo,9.200000
wny,9.370000
wop,9.660000
wow,9.700000
wnx,9.730000
wof,9.850000
wnv,9.030000
wmy,9.080000
wmt,9.100000
wnt,9.200000
wnd,9.230000
wnb,9.260000
wns,9.300000
wnl,9.670000
wnr,9.840000
wmw,9.960000
wmc,9.050000
wls,9.270000
wll,9.320000
wmi,9.320000
wmb,9.490000
wlr,9.680000
wmm,9.930000
wla,9.310000
wlh,9.360000
wkp,9.550000
wkm,9.640000
wlj,9.660000
wky,9.790000
wle,9.870000
wiy,9.410000
wjm,9.410000
wkc,9.470000
wjc,9.660000
wje,9.750000
wkd,9.950000
wid,9.050000
wim,9.060000
wis,9.070000
wie,9.150000
wit,9.320000
wiw,9.520000
wik,9.600000
wib,9.640000
wir,9.690000
wil,9.840000
wii,9.900000
whs,9.920000
wgy,9.160000
wgq,9.220000
wgr,9.560000
wfi,9.200000
wfm,9.460000
wfh,9.950000
wgh,10.000000
wep,9.450000
wex,9.680000
wef,9.800000
wfb,9.810000
wen,9.840000
weh,9.900000
wda,9.040000
wdf,9.080000
wcy,9.190000
wdr,9.380000
wdi,9.550000
wdn,9.580000
wdb,9.690000
wdy,9.750000
wdk,9.770000
wdw,9.930000
wdp,10.000000
wcn,9.230000
wbs,9.340000
wbq,9.610000
wbb,9.190000
wao,9.420000
wap,9.650000
was,9.690000
wbl,9.910000
wbj,9.960000
vzm,9.240000
wah,9.500000
vzj,9.620000
vzr,9.730000
vzq,9.970000
vxz,9.110000
vyi,9.190000
vyb,9.280000
vyn,9.420000
vyr,9.520000
vyp,9.540000
vxy,9.630000
vzb,9.670000
vyj,9.750000
vyw,9.750000
vxm,9.090000
vxk,9.330000
vwx,9.370000
vww,9.390000
vwt,9.950000
vwi,9.220000
vvm,9.230000
vvs,9.360000
vwf,9.510000
vvt,9.550000
vwc,9.660000
vwm,9.740000
vvn,9.750000
vum,9.020000
vuq,9.140000
vun,9.160000
vve,9.170000
vuu,9.260000
vvj,9.450000
vup,9.500000
vvd,9.680000
vux,9.780000
vuh,9.850000
vsy,9.010000
vtx,9.070000
vth,9.450000
vtp,9.750000
vsz,9.800000
vsj,9.320000
vsh,9.330000
vrv,9.540000
vsc,9.580000
vry,9.640000
vsl,9.680000
vrk,9.030000
vra,9.180000
vqv,9.230000
vqt,9.380000
vqn,9.600000
vrr,9.620000
vrg,9.750000
vqh,9.220000
vpl,9.530000
vql,9.810000
vps,9.820000
vpu,9.830000
voi,9.170000
von,9.210000
voe,9.490000
vow,9.570000
vof,9.650000
vmx,9.290000
vny,9.360000
vni,9.370000
vnh,9.610000
vnp,9.630000
vmt,9.030000
vmj,9.360000
vmm,9.360000
vlq,9.540000
vlr,9.710000
vmd,9.710000
vlp,9.770000
vle,9.050000
vll,9.420000
vki,9.510000
vkw,9.530000
vkq,9.610000
vkv,9.810000
vla,9.900000
vkp,9.920000
vkc,9.100000
vjy,9.240000
vjd,9.330000
vjv,9.330000
vjj,9.370000
vjw,9.610000
vjc,9.810000
vjr,9.940000
vir,9.190000
vis,9.450000
vii,9.560000
vit,9.660000
vjb,9.690000
viq,9.710000
vhw,9.960000
vja,9.970000
vgr,9.170000
vht,9.300000
vhc,9.360000
vhu,9.450000
vgs,9.480000
vgy,9.900000
vhi,9.960000
vfo,9.020000
vfv,9.020000
vfu,9.910000
veg,9.130000
vew,9.260000
vef,9.480000
vfi,9.590000
vep,9.880000
veb,9.080000
vdw,9.210000
vdu,9.230000
vdx,9.290000
vdz,9.510000
vdd,9.590000
vdq,9.850000
vds,9.880000
vcq,9.340000
vbx,9.400000
vbt,9.480000
vcs,9.620000
vck,9.790000
vbv,9.850000
vax,9.260000
vba,9.540000
vas,9.590000
vbm,9.770000
uzz,9.030000
uzt,9.230000
uzl,9.440000
vak,9.670000
uzp,9.720000
uzs,9.720000
vag,9.790000
uyg,9.080000
uyp,9.120000
uzd,9.210000
uyq,9.320000
uzc,9.350000
uyy,9.620000
uyf,9.860000
uyk,10.000000
uzf,10.000000
uxf,9.030000
uxg,9.270000
uxs,9.370000
uxb,9.390000
uxi,9.400000
uww,9.460000
uxd,9.610000
uxj,9.750000
uxw,9.850000
uxm,9.880000
uxp,9.880000
uvw,9.270000
uwh,9.790000
uvo,9.890000
uwi,9.890000
uvq,9.990000
uuv,9.010000
uvg,9.090000
uvi,9.110000
uvl,9.220000
uuu,9.370000
uuz,9.390000
uva,9.450000
uuc,9.160000
utk,9.410000
utg,9.710000
uty,9.770000
utx,9.860000
utm,9.900000
ury,9.260000
urw,9.500000
uta,9.640000
usi,9.770000
uqw,9.070000
urq,9.100000
urs,9.160000
url,9.240000
uqy,9.380000
uqv,9.470000
urf,9.580000
ure,9.660000
uqz,9.670000
uqu,9.680000
uqf,9.010000
uqc,9.070000
uqe,9.220000
uqj,9.340000
uqb,9.510000
uqm,9.670000
uoj,9.030000
uok,9.270000
uoi,9.610000
uov,9.690000
uos,9.890000
upj,9.960000
unz,9.090000
unh,9.470000
unw,9.540000
unv,9.600000
ung,9.630000
unj,9.650000
unl,9.750000
unb,9.840000
uob,9.900000
umd,9.160000
ump,9.510000
umq,9.520000
ult,9.630000
uml,9.710000
ums,9.910000
umh,9.930000
ulf,9.220000
ulb,9.240000
ukp,9.290000
ull,9.440000
ule,9.580000
uku,9.740000
ulr,9.810000
ukn,9.930000
ujy,9.230000
ujg,9.300000
ukk,9.310000
ujr,9.320000
uke,9.550000
ujz,9.650000
ujm,9.680000
ujv,9.750000
uiq,9.030000
uje,9.090000
uin,9.340000
ujf,9.430000
uif,9.490000
uig,9.860000
uih,9.940000
uja,9.960000
uhi,9.100000
uhb,9.170000
uga,9.090000
ufw,9.180000
ugj,9.210000
ufx,9.510000
uge,9.520000
ugo,9.590000
ugf,9.830000
ugr,9.990000
ues,9.080000
ueq,9.140000
ufa,9.370000
ufi,9.700000
ufb,9.870000
uev,9.890000
uer,9.940000
ueg,9.240000
udf,9.260000
udi,9.520000
udg,9.610000
ueb,9.810000
ucp,9.010000
ucf,9.040000
uch,9.260000
ucr,9.440000
ucj,9.450000
ucc,9.620000
ucd,9.680000
uct,9.800000
ubd,9.180000
uar,9.410000
ubp,9.430000
ube,9.470000
ubv,9.920000
uac,9.640000
tzx,9.860000
tyw,9.280000
tyv,9.500000
typ,9.510000
tzi,9.530000
tyn,9.550000
tzf,9.690000
tyt,9.790000
txb,9.030000
txm,9.040000
txp,9.060000
txu,9.150000
txv,9.430000
txl,9.560000
txi,9.690000
txn,9.760000
twx,9.050000
tvs,9.060000
tww,9.180000
twr,9.420000
twn,9.450000
twp,9.550000
twu,9.760000
tuq,9.210000
tvj,9.310000
tux,9.490000
tvf,9.550000
tut,9.660000
tuo,9.840000
tty,9.050000
tuk,9.090000
ttu,9.170000
ttj,9.180000
ttr,9.340000
tug,9.360000
tti,9.910000
ttf,9.030000
tta,9.050000
tsl,9.240000
tsh,9.280000
tsa,9.460000
tsu,9.470000
ttc,9.530000
trz,9.020000
trb,9.230000
trd,9.310000
tra,9.320000
trl,9.470000
trt,9.510000
trf,9.740000
trk,9.750000
tri,9.900000
tre,9.930000
tqa,9.090000
tqb,9.140000
tql,9.550000
tpy,9.620000
tqt,9.650000
tqe,9.690000
tpz,9.700000
tqm,9.790000
tqr,9.800000
toj,9.100000
tom,9.180000
tph,9.560000
tpg,9.680000
tod,9.010000
tni,9.520000
toe,9.640000
tnq,9.970000
tmc,9.500000
tmf,9.520000
tmn,9.680000
tmt,9.770000
tmm,9.810000
tlv,9.030000
tkx,9.230000
tlq,9.260000
tkw,9.300000
tlt,9.470000
tks,9.560000
tlf,9.690000
tkz,9.760000
tky,9.840000
tkg,9.100000
tjp,9.120000
tju,9.140000
tjr,9.150000
tjx,9.840000
tjo,9.850000
tiz,9.010000
tjd,9.280000
tit,9.380000
tik,9.420000
tja,9.630000
tiq,9.880000
tir,9.890000
thb,9.030000
thr,9.090000
thi,9.310000
the,9.360000
thy,9.360000
thk,9.700000
thu,9.730000
tft,9.080000
tgk,9.100000
tfs,9.870000
tfi,9.040000
tfr,9.180000
tfe,9.210000
tfq,9.230000
tet,9.250000
tfh,9.260000
tfa,9.570000
tfj,9.910000
teh,9.050000
teb,9.440000
tel,9.500000
tdm,9.960000
tcn,9.130000
tcr,9.130000
tdb,9.250000
tcc,9.690000
tdd,9.730000
tcb,9.820000
tav,9.050000
tbq,9.200000
tbl,9.260000
tbv,9.740000
tbf,9.840000
tbp,9.920000
taz,9.970000
szs,9.030000
tal,9.200000
tat,9.210000
tas,9.220000
tap,9.330000
taf,9.450000
tac,9.600000
syj,9.280000
syk,9.490000
syz,9.950000
syi,9.960000
sxv,9.280000
syd,9.390000
sxw,9.420000
sxf,9.480000
swl,9.110000
swz,9.280000
sws,9.320000
swd,9.470000
svy,9.740000
swq,9.970000
svu,9.010000
svc,9.050000
sux,9.480000
svi,9.560000
svb,9.630000
sur,9.650000
suz,9.710000
svo,9.840000
sup,9.120000
sug,9.310000
sts,9.790000
stu,9.820000
ssx,9.040000
ssw,9.380000
ssy,9.450000
ssv,9.510000
srv,9.040000
srl,9.330000
srd,9.490000
srh,9.780000
ssb,9.840000
srx,9.850000
spu,9.030000
sqg,9.240000
sqe,9.390000
sqv,9.390000
spz,9.620000
sqc,9.640000
sqp,9.740000
spf,9.040000
sos,9.220000
spa,9.520000
spk,9.770000
sol,9.010000
snh,9.030000
snl,9.360000
sny,9.490000
sni,9.620000
sob,9.640000
sno,9.740000
sns,9.890000
sml,9.180000
smx,9.220000
sna,9.230000
smn,9.280000
sms,9.330000
smt,9.330000
sme,9.350000
smf,9.590000
smv,9.830000
smi,9.880000
smy,9.910000
snf,9.930000
sly,9.050000
slc,9.090000
slq,9.140000
slb,9.160000
slt,9.280000
skw,9.350000
sls,9.640000
slh,9.700000
sla,9.870000
sln,9.910000
skr,9.090000
sjo,9.260000
ske,9.280000
ski,9.300000
skp,9.360000
sju,9.800000
skl,9.910000
sjd,9.440000
sij,9.490000
sis,9.670000
sii,9.990000
shh,9.310000
shx,9.780000
shc,9.860000
shl,9.900000
sgv,9.030000
sgf,9.320000
sgl,9.390000
sgg,9.570000
sfy,9.580000
sgr,9.770000
sgw,9.790000
sgx,9.820000
sfz,9.870000
sgy,9.950000
sfe,9.090000
sfr,9.320000
sfn,9.400000
sfl,9.640000
seq,9.680000
ses,9.710000
sfc,9.740000
sfs,9.760000
sfp,9.830000
sex,9.850000
seu,9.950000
sfb,9.960000
sds,9.110000
see,9.240000
sdq,9.350000
sdy,9.510000
sen,9.760000
seb,9.850000
seh,9.940000
scg,9.040000
scn,9.060000
scp,9.250000
scq,9.670000
scu,9.890000
sce,9.940000
scl,9.980000
sbt,9.480000
sbf,9.700000
saw,9.170000
saq,9.210000
sag,9.380000
saa,9.400000
sal,9.420000
sab,9.580000
rzz,9.700000
sam,9.710000
ryr,9.290000
rym,9.530000
ryo,9.650000
rzq,9.880000
rzc,9.900000
rxl,9.050000
rya,9.060000
rxi,9.200000
rye,9.240000
ryl,9.480000
rxu,9.550000
ryc,9.910000
rxh,9.990000
rwc,9.110000
rwh,9.240000
rxe,9.240000
rwd,9.370000
rwa,9.480000
rww,9.560000
rws,9.570000
rwt,9.830000
rwr,9.850000
rwo,9.990000
rwx,10.000000
rvz,9.300000
rvw,9.430000
rvx,9.670000
rvd,9.910000
rtq,9.040000
rut,9.470000
rty,9.520000
rul,9.530000
rud,9.560000
rup,9.570000
ruc,9.660000
rtr,9.680000
rug,9.690000
rto,9.880000
rtv,9.950000
rsw,9.220000
rti,9.250000
rst,9.430000
rsq,9.490000
rsv,9.680000
rsr,9.930000
rrl,9.130000
rrq,9.140000
rsf,9.200000
rrz,9.290000
rsg,9.460000
rse,9.590000
rrk,9.650000
rro,9.700000
rrn,9.860000
rqc,9.140000
rqi,9.230000
rra,9.630000
rpy,9.690000
rqh,10.000000
rpr,9.010000
ros,9.030000
rox,9.040000
rps,9.130000
rpi,9.140000
rpn,9.340000
rpj,9.920000
row,9.960000
rph,9.960000
rpo,9.970000
rnl,9.010000
rnk,9.680000
rmg,9.090000
rmv,9.220000
rne,9.410000
rmo,9.430000
rmm,9.470000
rni,9.650000
rmf,9.710000
rmr,9.960000
rlx,9.150000
rlt,9.520000
rlf,9.530000
rlr,9.550000
rlh,9.700000
rlp,9.970000
rkm,9.310000
rkt,9.640000
rks,9.890000
ris,9.070000
rim,9.090000
rho,9.080000
rhm,9.470000
rhk,9.750000
rij,9.820000
rhx,9.850000
rib,9.920000
rhd,9.170000
rgw,9.180000
rgl,9.420000
rge,9.750000
rgr,9.790000
rgn,9.890000
rfr,9.080000
rfq,9.550000
rep,9.050000
rec,9.230000
ree,9.230000
rdo,9.460000
rdw,9.640000
rds,9.660000
rck,9.020000
rdb,9.060000
rdf,9.610000
rda,9.810000
rde,9.960000
rcf,9.030000
rbk,9.430000
rcc,9.440000
rbo,9.560000
rbv,9.650000
rbt,9.760000
rbz,9.770000
rag,9.100000
raj,9.230000
rap,9.280000
qzx,9.880000
qyt,9.030000
qyq,9.210000
qyr,9.280000
qzr,9.300000
qyv,9.800000
qxm,9.120000
qxu,9.480000
qxt,9.490000
qxk,9.830000
qxz,9.890000
qxi,9.050000
qwf,9.060000
qwr,9.250000
qwo,9.300000
qwz,9.320000
qxh,9.420000
qxa,9.460000
qwt,9.570000
qwy,9.910000
qwc,9.190000
qvi,9.270000
qvf,9.300000
qvh,9.610000
qvs,9.680000
qvm,9.760000
qvt,9.880000
quk,9.300000
qts,9.310000
qud,9.410000
quh,9.680000
quq,9.750000
qua,9.840000
qsu,9.570000
qtf,9.590000
qso,9.920000
qrt,9.180000
qrg,9.400000
qru,9.660000
qrx,9.810000
qrk,9.890000
qrm,9.970000
qqa,9.010000
qqc,9.460000
qqy,9.520000
qrd,9.640000
qqz,9.710000
qre,9.830000
qpf,9.560000
qpr,9.590000
qpn,9.710000
qnw,9.210000
qny,9.260000
qnx,9.290000
qoo,9.380000
qns,9.820000
qor,9.900000
qmt,9.170000
qmz,9.230000
qmo,9.560000
qmu,9.660000
qni,9.820000
qmn,9.830000
qnc,9.900000
qmv,9.920000
qlq,9.250000
qmf,9.370000
qli,9.470000
qmc,9.550000
qlk,9.700000
qlz,9.720000
qjx,9.030000
qlb,9.610000
qke,9.680000
qkp,9.730000
qkw,9.930000
qjm,9.210000
qix,9.250000
qjg,9.320000
qjr,9.450000
qja,9.560000
qjc,9.620000
qjs,9.660000
qju,9.670000
qii,9.030000
qhr,9.040000
qib,9.090000
qie,9.930000
qgv,9.400000
qfi,9.340000
qfd,9.370000
qff,9.510000
qfx,9.580000
qga,9.700000
qfv,9.870000
qgc,9.890000
qfw,9.910000
qfj,10.000000
qed,9.240000
qek,9.340000
qdu,9.430000
qdt,9.520000
qds,9.590000
qev,9.600000
qep,9.630000
qdk,9.080000
qdm,9.120000
qcz,9.250000
qdp,9.380000
qdl,9.470000
qdj,9.640000
qcq,9.860000
qdo,9.920000
qdi,9.980000
qck,9.050000
qcd,9.240000
qbr,9.340000
qbo,9.370000
qcl,9.420000
qbh,9.610000
qbw,9.890000
qal,9.160000
qag,9.500000
qab,9.520000
qbc,9.610000
qaw,9.630000
qah,9.700000
qao,9.760000
qbd,9.880000
pzo,9.220000
pzd,9.540000
pyx,9.610000
pzc,9.980000
pzx,10.000000
pxx,9.300000
pxr,9.370000
pyn,9.500000
pxt,9.690000
pyr,9.760000
pyc,9.810000
pxk,9.460000
pwk,9.630000
pxm,9.760000
pwq,9.900000
pxg,9.950000
pvr,9.470000
pvf,9.550000
pvw,9.710000
pvn,9.790000
pve,9.810000
pvu,9.970000
puc,9.250000
pup,9.380000
puu,9.610000
pux,9.900000
pul,9.910000
ptb,9.030000
ptf,9.230000
psy,9.270000
pte,9.290000
psq,9.330000
ptv,9.420000
pts,9.950000
ptm,9.970000
pse,9.030000
prq,9.760000
psm,9.780000
prz,9.850000
psn,9.930000
pqk,9.460000
poy,9.370000
ppm,9.530000
ppg,9.660000
pqb,9.690000
ppj,9.970000
pnz,9.030000
pom,9.070000
pnw,9.140000
pon,9.920000
pmt,9.520000
pms,9.720000
pmo,9.830000
plw,9.220000
plz,9.280000
plm,9.500000
pln,9.830000
pkk,9.200000
pla,9.380000
plc,9.560000
pkt,9.690000
pkc,9.740000
pky,9.960000
pjy,9.270000
pjv,9.370000
pjr,9.600000
pji,9.700000
pja,9.840000
pjh,9.840000
pjx,9.840000
pjp,9.940000
pht,9.220000
pij,9.400000
pip,9.410000
pim,9.880000
pin,9.980000
piq,10.000000
pgr,9.020000
pgu,9.150000
pgp,9.200000
pgi,9.340000
pgy,9.650000
phi,9.970000
pgg,9.270000
pff,9.340000
pfg,9.540000
pgh,9.680000
pfn,9.750000
pem,9.030000
pdw,9.170000
pfb,9.380000
peg,9.560000
pef,9.600000
pez,9.610000
peb,9.940000
pev,9.990000
pea,10.000000
pde,9.010000
pdl,9.140000
pdo,9.360000
pdt,9.510000
pdb,9.690000
pct,9.780000
pcc,9.020000
pcl,9.050000
pcn,9.050000
pbs,9.080000
pbw,9.410000
pbr,9.420000
pcf,9.670000
pcp,9.950000
pcg,9.970000
pbi,9.460000
pag,9.590000
pau,9.620000
pah,9.640000
pav,9.870000
pai,9.890000
pbd,9.940000
pbg,9.940000
pay,9.990000
paa,9.050000
ozj,9.070000
ozi,9.240000
ozk,9.260000
ozw,9.540000
ozl,9.610000
ozg,9.780000
oxs,9.170000
oyg,9.280000
oyj,9.280000
oxv,9.670000
oyi,9.860000
oym,9.930000
oxc,9.040000
oxh,9.080000
owy,9.380000
oxe,9.490000
owq,9.670000
owd,9.140000
ovy,9.560000
ovi,9.720000
ovo,9.840000
owi,9.860000
oua,9.130000
ouy,9.290000
oup,9.470000
ouo,9.590000
ouh,9.650000
otr,9.130000
oti,9.170000
otd,9.280000
otv,9.390000
otj,9.850000
ory,9.610000
osf,9.620000
ose,9.730000
osm,9.790000
oqk,9.030000
ork,9.030000
orj,9.330000
oqo,9.740000
oqu,9.910000
ore,9.940000
opq,9.250000
oqd,9.390000
opu,9.500000
opt,9.780000
opk,9.790000
opc,9.910000
opi,9.920000
ope,9.960000
oon,9.030000
oox,9.030000
opb,9.100000
oog,9.290000
oop,9.300000
ooj,9.490000
onk,9.220000
omy,9.270000
onq,9.490000
onl,9.650000
omt,9.690000
oly,9.020000
omh,9.080000
omk,9.150000
olt,9.300000
olx,9.570000
omf,9.910000
okm,9.030000
oky,9.550000
oke,9.580000
ola,9.670000
oki,9.830000
okh,9.850000
oju,9.300000
ojg,9.470000
ojw,9.750000
oka,9.850000
okd,9.910000
ohz,9.060000
oid,9.350000
ois,9.460000
oik,9.520000
oir,9.940000
ohi,9.190000
ohc,9.730000
ohm,9.800000
ofr,9.130000
ofs,9.180000
ofp,9.230000
ofx,9.380000
ogk,9.780000
ofy,9.810000
ofa,9.330000
oeb,9.350000
ofd,9.480000
oeh,9.580000
oeu,9.590000
oes,9.740000
oel,9.800000
odm,9.270000
odq,9.360000
odt,9.490000
odg,9.640000
oct,9.100000
och,9.240000
oci,9.240000
ocn,9.350000
ocj,9.430000
ocl,9.500000
ocs,9.770000
ocq,9.980000
obc,9.060000
obh,9.120000
oam,9.130000
obn,9.300000
oaz,9.400000
oaj,9.770000
obj,9.870000
nzu,9.040000
oae,9.250000
oab,9.500000
nzi,9.860000
oah,9.970000
nyo,9.400000
nyb,9.410000
nys,9.500000
nyk,9.670000
nyh,9.770000
nxx,9.810000
nxf,9.080000
nww,9.260000
nwr,9.320000
nwx,9.410000
nwv,9.800000
nxa,9.800000
nwa,9.370000
nwm,9.400000
nvp,9.610000
nvq,9.670000
nwp,9.820000
nwf,9.930000
nvs,9.980000
nwg,9.980000
nuw,9.290000
nus,9.570000
nur,9.680000
nuv,9.720000
nux,9.920000
nut,9.930000
nti,9.070000
nte,9.170000
ntv,9.320000
nsz,9.360000
nub,9.390000
ntr,9.680000
nth,9.690000
ntj,9.750000
nta,10.000000
nsi,9.080000
nsq,9.240000
nsf,9.310000
nsg,9.350000
nrz,9.470000
nsv,9.630000
nrs,9.660000
nsr,9.680000
nsc,9.960000
nra,9.120000
nrf,9.170000
nqv,9.200000
nqt,9.320000
nqs,9.480000
nrg,9.560000
nrq,9.640000
nrm,9.690000
nqq,9.850000
nqr,9.870000
nqc,9.300000
npt,9.420000
nqb,9.450000
nqa,9.480000
npk,9.510000
npo,9.570000
npi,9.610000
npq,9.830000
noa,9.200000
noe,9.210000
nol,9.510000
nom,9.730000
nnc,9.080000
nnx,9.090000
nna,9.530000
nnh,9.540000
nmz,9.550000
nmx,9.740000
nmu,9.910000
nmm,9.290000
nmd,9.340000
nlo,9.390000
nmp,9.490000
nma,9.540000
nmk,9.830000
nkx,9.260000
nku,9.530000
nlj,9.660000
nki,9.670000
nlg,9.820000
nky,9.970000
njv,9.060000
njn,9.160000
njl,9.240000
njj,9.320000
nkd,9.420000
njw,9.550000
njy,9.610000
njf,9.650000
nje,9.750000
njx,9.790000
nke,9.940000
niu,9.010000
nie,9.160000
nim,9.160000
niy,9.190000
nif,9.450000
nhy,9.540000
nia,9.550000
nir,9.880000
nhh,9.110000
nhj,9.450000
nhg,9.670000
nha,9.700000
nho,9.810000
nfy,9.340000
ngk,9.490000
nfl,9.500000
nft,9.540000
nge,9.560000
nfr,9.750000
ney,9.020000
nfi,9.170000
nef,9.240000
nfb,9.310000
nez,9.390000
nfa,9.390000
nej,9.500000
nfj,9.580000
nes,9.680000
nfc,9.970000
ndo,9.180000
ncy,9.270000
nea,9.310000
ndd,9.350000
ndf,9.420000
ndp,9.510000
nec,9.790000
ndw,9.970000
ncm,9.320000
ncg,9.390000
ncp,9.490000
ncx,9.780000
ncu,9.940000
nao,9.330000
nbr,9.340000
nbp,9.370000
nar,9.430000
mzx,9.240000
nad,9.270000
myy,9.400000
myh,9.420000
mze,9.430000
myc,9.510000
mym,9.660000
mza,9.780000
mzd,9.850000
myi,9.950000
myn,9.980000
mxf,9.340000
mxv,9.420000
mxi,9.640000
mxr,9.910000
mwa,9.050000
mwj,9.500000
mvy,9.550000
mwg,9.650000
mvw,9.760000
mwq,9.920000
mum,9.190000
muv,9.190000
mvl,9.240000
mvh,9.590000
muj,9.690000
mvf,9.690000
mve,9.730000
mtt,9.080000
mud,9.130000
mtv,9.390000
mtg,9.540000
mtp,9.600000
mue,9.630000
msp,9.110000
msa,9.460000
msy,9.650000
msh,9.750000
msq,9.970000
mrj,9.030000
mqw,9.090000
mrr,9.200000
mrh,9.530000
mrk,9.600000
mqd,9.030000
mpt,9.100000
mpz,9.960000
mou,9.100000
moq,9.300000
mpa,9.500000
mok,9.560000
moz,9.590000
moy,9.620000
mol,9.880000
mnu,9.030000
mni,9.040000
mnh,9.060000
mnn,9.190000
mnb,9.360000
mnw,9.420000
mnp,9.460000
mns,9.540000
mnv,9.840000
mne,9.860000
mnm,9.880000
mng,9.960000
mmi,9.190000
mmg,9.210000
mml,9.260000
mma,9.380000
mmc,9.440000
mmo,9.520000
mmm,9.800000
mmx,9.830000
mlx,9.850000
mmj,9.890000
mlq,9.020000
mkr,9.240000
mkw,9.390000
mln,9.410000
mll,9.430000
mlk,9.570000
mkm,9.720000
mlh,9.820000
mli,9.890000
mjx,9.580000
mjy,9.730000
mil,9.050000
mit,9.060000
mix,9.140000
mib,9.290000
mjb,9.440000
mip,9.940000
mij,9.990000
mhu,9.220000
mha,9.280000
mhw,9.310000
mgu,9.410000
mhx,9.460000
mhl,9.630000
mhq,9.710000
mhz,9.730000
mhn,9.810000
mhc,9.880000
mhe,9.980000
mgi,9.160000
mgt,9.160000
mfp,9.320000
mfq,9.330000
mgl,9.770000
mga,9.950000
mew,9.040000
mfk,9.080000
mfh,9.300000
mfm,9.360000
mep,9.500000
mff,9.500000
mem,9.590000
mdn,9.060000
mdz,9.080000
mea,9.230000
mdo,9.340000
mdy,9.670000
mdv,9.700000
mec,9.820000
mef,9.850000
meg,9.940000
mch,9.090000
mcm,9.530000
mcu,9.580000
mcx,9.750000
mcw,9.980000
maw,9.010000
mav,9.660000
maa,9.020000
lzz,9.140000
man,9.170000
lzs,9.890000
lzd,9.230000
lyo,9.580000
lyy,9.640000
lzc,9.700000
lze,9.730000
lxx,9.110000
lxs,9.300000
lxl,9.860000
lyd,9.970000
lvu,9.320000
lwl,9.540000
lwd,9.690000
lwo,9.810000
lvt,9.840000
lwn,9.980000
luz,9.020000
lup,9.140000
luu,9.230000
lva,9.330000
lvc,9.450000
luy,9.470000
lvm,9.760000
lun,9.880000
lto,9.220000
luh,9.280000
lth,9.350000
lue,9.500000
lse,9.070000
ltb,9.070000
lte,9.210000
lsn,9.390000
lsw,9.610000
lsl,9.820000
lsj,9.900000
lsq,9.980000
lrs,9.180000
lrv,9.550000
lrb,9.730000
lrm,9.760000
lrx,9.830000
lrd,9.890000
lri,9.910000
lrc,9.930000
lry,9.940000
lpw,9.030000
lqq,9.090000
lqj,9.630000
lpz,9.750000
lpr,9.830000
lov,9.100000
lol,9.140000
loy,9.140000
los,9.420000
loi,9.490000
lph,9.810000
lnx,9.120000
lob,9.690000
lnu,9.780000
lnr,9.890000
loa,9.940000
lny,9.960000
lna,9.160000
lmo,9.210000
llw,9.390000
lmn,9.390000
lme,9.400000
lmf,9.860000
lmm,9.980000
lkq,9.320000
lkz,9.620000
llh,9.710000
lky,9.730000
llv,9.910000
ljz,9.150000
ljx,9.290000
lkn,9.890000
ljw,9.930000
lkh,9.990000
ljf,9.160000
lip,9.220000
lix,9.230000
lih,9.370000
lja,9.470000
lgy,9.060000
lhs,9.090000
lhk,9.470000
lic,9.540000
lft,9.450000
lfx,9.500000
lgx,9.670000
lgu,9.700000
lgl,9.710000
lgm,9.850000
lfa,9.080000
lfn,9.430000
les,9.660000
lfk,9.860000
leu,9.920000
lem,9.930000
lfh,9.940000
lfq,9.940000
ldg,9.250000
lek,9.430000
ldt,9.470000
led,9.590000
lef,9.600000
leb,9.680000
ldy,9.780000
lcw,9.040000
lcf,9.050000
ldd,9.530000
lda,9.580000
lbn,9.040000
lbm,9.250000
lax,9.530000
laz,9.720000
law,9.790000
lbe,9.870000
lbf,9.920000
lap,9.220000
kzu,9.330000
lah,9.330000
lal,9.350000
lag,9.470000
laa,9.790000
lat,9.910000
lae,9.920000
lai,9.990000
kzk,9.030000
kyo,9.080000
kyv,9.080000
kyy,9.080000
kyu,9.130000
kzn,9.130000
kzd,9.360000
kzi,9.430000
kzj,9.470000
kym,9.720000
kzb,9.720000
kye,9.010000
kxo,9.140000
kyf,9.300000
kyb,9.350000
kyc,9.400000
kxp,9.600000
kxw,9.790000
kxf,9.820000
kxm,9.890000
kxk,9.940000
kwv,9.070000
kwu,9.150000
kwc,9.300000
kwy,9.400000
kwi,9.420000
kwe,9.550000
kwq,9.560000
kxa,9.570000
kwa,9.730000
kwm,9.830000
kvc,9.240000
kvk,9.730000
kvr,9.780000
kvu,9.890000
kvq,9.900000
kuq,9.970000
ktn,9.030000
kuj,9.710000
kty,9.730000
ktt,9.930000
ksv,9.080000
ksx,9.270000
ktj,9.270000
kti,9.320000
ksw,9.380000
kst,9.750000
ktd,9.890000
ksi,9.900000
krq,9.060000
krx,9.390000
krc,9.480000
krw,9.530000
kqz,9.580000
krk,9.810000
kqq,9.080000
kpv,9.250000
kqo,9.400000
kqt,9.500000
kpy,9.700000
kql,9.790000
kpt,9.890000
kon,9.020000
kpl,9.020000
kow,9.430000
koy,9.550000
kpd,9.620000
kpb,9.630000
kpr,9.890000
kop,9.990000
knv,9.060000
kno,9.290000
kng,9.350000
knm,9.490000
koi,9.690000
knq,9.770000
kmh,9.060000
kmf,9.780000
kmo,9.860000
kmj,9.880000
kml,9.980000
klg,9.150000
klm,9.200000
klj,9.290000
klh,9.340000
klf,9.380000
klb,9.450000
kli,9.520000
kls,9.730000
klx,9.790000
klc,10.000000
kki,9.220000
kjs,9.490000
kjr,9.520000
kkb,9.520000
kjz,9.930000
kij,9.100000
kil,9.100000
kjm,9.170000
kix,9.330000
khr,9.190000
khn,9.220000
khu,9.420000
khj,9.530000
khz,9.610000
kia,9.620000
khp,9.640000
khv,9.680000
kgz,9.310000
kgk,9.380000
kgo,9.440000
kgp,9.510000
kgi,9.590000
kgf,9.690000
kha,9.750000
kgw,9.800000
ket,9.430000
kes,9.970000
kea,9.580000
kem,9.880000
kdv,9.940000
kcq,9.120000
kcn,9.200000
kch,9.400000
kcf,9.720000
kde,10.000000
kbr,9.560000
kcd,9.750000
kag,9.150000
kax,9.150000
kao,9.190000
jzw,9.290000
kam,9.410000
jzx,9.650000
kat,9.910000
jzj,9.120000
jzi,9.140000
jzh,9.280000
jzg,9.330000
jzb,9.380000
jzp,9.470000
jzf,9.740000
jyv,9.940000
jzr,9.940000
jzc,9.950000
jyf,9.120000
jxs,9.180000
jxh,9.360000
jxn,9.520000
jyc,9.680000
jwy,9.130000
jwn,9.200000
jwv,9.230000
jxe,9.470000
jwx,9.630000
jwb,9.680000
jwd,9.730000
jwh,9.760000
jxc,9.800000
jvh,9.230000
jvn,9.590000
jui,9.040000
jue,9.240000
jul,9.420000
jtt,9.490000
juq,9.890000
jtr,9.990000
jtf,9.010000
jsx,9.160000
jsj,9.200000
jtc,9.200000
jte,9.250000
jtl,9.370000
jsi,9.690000
jsv,9.960000
jro,9.300000
jrz,9.570000
jsc,9.640000
jrm,9.670000
jru,9.670000
jrs,9.740000
jsh,9.980000
jse,9.990000
jqh,9.230000
jqt,9.270000
jqb,9.740000
jqy,9.780000
jqe,9.910000
jpj,9.250000
jox,9.470000
jow,9.500000
jpp,9.930000
jor,9.980000
jnv,9.240000
jnm,9.280000
jnp,9.360000
jnn,9.570000
jon,9.790000
jnt,9.850000
jnl,9.890000
jmy,9.100000
jne,9.420000
jnb,9.440000
jmf,9.480000
jnc,9.550000
jmq,9.610000
jmo,9.720000
jmk,9.880000
jna,9.920000
jkz,9.070000
jkb,9.070000
jkr,9.230000
jke,9.370000
jjw,9.460000
jkp,9.760000
jkk,9.790000
jkx,9.960000
jiw,9.310000
jiq,9.820000
jhr,9.280000
jii,9.300000
jie,9.410000
jhg,9.750000
jho,9.870000
jhk,9.890000
jhh,9.970000
jgp,9.080000
jhb,9.080000
jhc,9.170000
jgr,9.410000
jfk,9.030000
jfc,9.270000
jez,9.420000
jft,9.430000
jfp,9.770000
jfb,9.880000
jef,9.110000
jdy,9.350000
jdt,9.800000
jeg,9.930000
jck,9.100000
jcm,9.110000
jct,9.210000
jcj,9.230000
jdn,9.230000
jcq,9.260000
jcl,9.510000
jde,9.780000
jcv,9.930000
jcx,9.930000
jdg,9.930000
jbr,9.090000
jbz,9.390000
jbx,9.620000
jbe,9.690000
jbj,9.720000
jbp,9.790000
jbu,9.830000
jcc,9.910000
jce,9.950000
jaa,9.050000
jaz,9.110000
jap,9.200000
jak,9.280000
jba,9.290000
jat,9.370000
jav,9.550000
jbb,9.560000
izy,9.630000
jac,9.770000
jae,9.790000
jab,9.870000
jau,10.000000
izi,9.030000
iza,9.040000
iyw,9.070000
izd,9.100000
izr,9.330000
izm,9.340000
izu,9.390000
iyu,9.490000
izl,9.680000
iyi,9.070000
iye,9.140000
ixt,9.460000
iyg,9.560000
iyk,9.690000
iyh,9.720000
iya,9.790000
iyp,9.830000
iyj,9.990000
iyd,10.000000
iwv,9.130000
iws,9.160000
ixi,9.430000
ixd,9.500000
iwq,9.510000
ixg,9.580000
ixj,9.580000
iwj,9.620000
iwu,9.770000
iwh,9.780000
ivg,9.170000
ivy,9.240000
ivi,9.350000
ivm,9.710000
ivu,9.900000
iuw,9.570000
iuo,9.670000
iur,9.810000
isr,9.080000
isu,9.440000
ist,9.490000
itq,9.750000
iso,9.850000
isp,9.880000
itm,9.990000
iri,9.120000
irl,9.170000
irp,9.220000
irr,9.490000
isf,9.600000
iqh,9.210000
iqm,9.290000
iqc,9.340000
iqx,9.380000
iqd,9.500000
iqt,9.670000
iqr,9.680000
iqp,9.930000
iow,9.130000
ips,9.720000
ipc,9.880000
inz,9.030000
ios,9.160000
inv,9.260000
ioj,9.620000
iok,9.650000
iom,9.770000
ior,9.990000
imv,9.520000
imk,9.650000
imx,9.800000
ing,9.890000
ile,9.020000
imf,9.030000
ima,9.080000
ilv,9.160000
ilu,9.350000
imh,9.450000
ilg,9.870000
ild,9.900000
ilq,9.990000
ikw,9.030000
ikk,9.040000
iks,9.230000
ijx,9.310000
ijz,9.410000
ikq,9.480000
ikr,9.670000
ike,9.750000
iki,9.820000
ijb,9.050000
iji,9.270000
ijc,9.460000
ijr,9.480000
ijl,9.790000
iiq,9.860000
ihp,9.030000
ihx,9.030000
ihu,9.060000
ihz,9.220000
iie,9.430000
iib,9.470000
iik,9.510000
ihk,9.690000
iih,9.740000
iig,9.900000
igm,9.120000
igu,9.330000
iha,9.880000
igf,9.950000
ifn,9.170000
iey,9.840000
ifv,9.910000
iee,9.060000
iei,9.340000
ieh,9.480000
ieg,9.540000
iej,9.630000
ids,9.740000
ien,9.980000
icy,9.040000
ide,9.450000
icz,9.570000
icp,9.620000
icv,9.840000
idf,9.900000
idi,9.910000
ida,9.930000
icj,9.160000
ibu,9.760000
iaw,9.020000
ibc,9.020000
iac,9.050000
iaq,9.540000
iai,9.570000
iav,9.890000
ibd,9.920000
iaf,9.990000
hzs,9.020000
hzk,9.060000
hzh,9.180000
hzv,9.310000
hzd,9.420000
hze,9.760000
hyu,9.790000
hxr,9.180000
hxw,9.730000
hxz,9.760000
hwl,9.440000
hxi,9.720000
hxn,9.720000
hvf,9.180000
hvq,9.460000
hvs,9.510000
hwe,9.820000
huj,9.550000
hug,9.840000
hui,9.860000
hud,9.960000
htq,9.210000
hss,9.230000
htk,9.250000
htv,9.310000
htb,9.440000
hsw,9.530000
hsu,9.580000
hts,9.700000
hsz,9.710000
hse,9.120000
hrn,9.180000
hrv,9.360000
hrz,9.450000
hsb,9.470000
hsa,9.670000
hrj,9.170000
hqe,9.220000
hrf,9.250000
hrc,9.470000
hqm,9.940000
hpp,9.020000
hpi,9.040000
hpm,9.210000
hpj,9.280000
hoy,9.490000
hpf,9.880000
hpq,9.880000
hpr,9.940000
hnv,9.230000
hnt,9.290000
hnz,9.340000
hor,9.520000
hnw,9.800000
how,9.900000
hoi,9.980000
hoj,9.990000
hom,10.000000
hnr,9.040000
hnp,9.070000
hna,9.240000
hnl,9.240000
hmp,9.310000
hni,9.390000
hnd,9.490000
hmw,9.610000
hno,9.760000
hmv,9.790000
hmm,9.960000
hlu,9.070000
hlx,9.490000
hli,9.540000
hlk,9.550000
hmg,9.580000
hlz,9.590000
hlw,9.880000
hku,9.430000
hks,9.590000
hkp,9.600000
hlb,9.610000
hkq,9.650000
hla,9.710000
hkx,9.930000
hjb,9.080000
hjw,9.080000
hjp,9.100000
hjm,9.130000
hjj,9.160000
hje,9.180000
hjq,9.220000
hiv,9.250000
hja,9.260000
hjf,9.280000
hjh,9.360000
hiw,9.530000
hjk,9.650000
hig,9.140000
hit,9.200000
hho,9.410000
hhw,9.410000
hif,9.450000
hil,9.520000
hia,9.640000
hhr,9.920000
hhd,9.010000
hgv,9.140000
hgi,9.230000
hgn,9.250000
hgm,9.300000
hhh,9.460000
hhm,9.860000
hgq,9.970000
hfy,9.030000
hfl,9.210000
hfc,9.440000
hga,9.460000
hft,9.520000
hge,9.650000
hen,9.030000
hfb,9.100000
heg,9.210000
hdw,9.270000
heu,9.560000
hem,9.730000
hex,9.830000
hdk,9.360000
hdf,9.380000
hdl,9.550000
hcz,9.560000
hdp,9.770000
hdn,9.870000
hcu,9.900000
hde,9.990000
hch,9.100000
hco,9.250000
hbl,9.550000
hbs,9.950000
hae,9.070000
hbj,9.230000
hal,9.250000
hao,9.340000
has,9.440000
hbb,9.810000
gzj,9.150000
gzv,9.210000
haa,9.420000
hab,9.450000
gyx,9.280000
gye,9.340000
gxx,9.440000
gxu,9.450000
gyn,9.580000
gyb,9.600000
gyh,9.940000
gxd,9.030000
gxn,9.380000
gxk,9.410000
gws,9.990000
gvz,9.240000
gvj,9.260000
gvv,9.260000
gwc,9.940000
gve,9.100000
gvb,9.320000
gud,9.730000
guu,9.800000
guw,9.960000
guk,9.990000
gtu,9.040000
gte,9.470000
gtg,9.780000
gtx,9.990000
gru,9.490000
gsb,9.540000
gro,9.560000
grx,9.780000
gsm,9.960000
gqm,9.200000
grd,9.500000
grb,9.510000
gqj,9.610000
gra,9.650000
gqw,9.780000
gqo,9.860000
grj,9.900000
gqi,9.990000
gpx,9.040000
gpl,9.330000
gpk,9.530000
gpy,9.840000
gou,9.030000
goz,9.030000
gov,9.240000
goj,9.770000
gof,9.810000
goi,9.820000
gok,9.890000
gnk,9.050000
gmv,9.060000
gne,9.670000
gnb,9.750000
gnt,9.760000
gmm,9.050000
glz,9.550000
gkr,9.290000
gkq,9.340000
gky,9.460000
gkl,9.750000
gki,9.780000
gkj,9.860000
gla,9.890000
gkw,9.950000
glf,9.960000
gjg,9.020000
gjl,9.020000
gjt,9.420000
gji,9.570000
gjo,9.650000
gkb,9.710000
gjc,9.880000
giq,9.140000
gii,9.750000
gic,9.790000
gip,9.810000
gin,9.860000
ghx,9.890000
gia,9.910000
ghl,9.300000
ggn,9.310000
ghk,9.520000
ghg,9.560000
gho,9.690000
ghf,9.720000
ghn,9.870000
gfr,9.860000
get,9.310000
gec,9.400000
gea,9.720000
gev,9.940000
gdg,9.020000
gdr,9.080000
gdh,9.210000
gdc,9.340000
gdb,9.650000
gdl,9.810000
gcy,9.880000
gbr,9.130000
gck,9.210000
gbq,9.240000
gci,9.270000
gbp,9.590000
gcm,9.610000
gby,9.680000
gch,9.680000
gbw,9.750000
gcl,9.770000
gcb,9.820000
gca,9.970000
gaq,9.470000
gbn,9.550000
gax,9.780000
gay,9.890000
gah,9.230000
fze,9.370000
gae,9.440000
gaa,9.610000
fzq,9.750000
fzi,9.950000
fyj,9.010000
fyf,9.090000
fyy,9.290000
fxw,9.320000
fyz,9.360000
fyx,9.870000
fxz,9.890000
fyw,9.920000
fye,9.930000
fzb,9.930000
fxj,9.010000
fwx,9.040000
fxn,9.080000
fxm,9.150000
fww,9.160000
fxb,9.170000
fxa,9.840000
fwt,9.890000
fvz,9.070000
fvr,9.340000
fvw,9.510000
fvp,9.580000
fvs,9.580000
fvk,9.840000
fum,9.120000
fva,9.120000
fuz,9.180000
fun,9.450000
fve,9.550000
fug,9.950000
fut,9.950000
fub,9.020000
ftb,9.060000
fts,9.210000
ftj,9.390000
ftu,9.530000
fua,9.600000
fti,9.870000
fsn,9.570000
frz,9.600000
fsl,9.730000
fst,9.980000
fqp,9.020000
fqw,9.230000
fqt,9.690000
fri,9.750000
frb,9.840000
frq,9.890000
frc,9.930000
fro,9.980000
frh,9.990000
fqq,10.000000
fqb,9.070000
fpu,9.110000
fpg,9.170000
fpv,9.400000
fpt,9.740000
fot,9.110000
fom,9.190000
for,9.200000
fou,9.850000
fnk,9.030000
fnd,9.060000
fny,9.190000
fni,9.650000
fnx,9.790000
fnm,9.830000
fmy,9.890000
fmq,9.190000
fly,9.310000
fmc,9.350000
fme,9.450000
fmt,9.470000
flp,9.540000
fln,9.140000
fld,9.590000
fjs,9.740000
fjq,9.800000
fiv,9.020000
fih,9.100000
fhz,9.180000
fim,9.470000
fii,9.610000
fip,9.850000
fhk,9.020000
fgv,9.040000
fhc,9.170000
fhe,9.300000
fhf,9.550000
fhp,9.600000
fha,9.870000
ffn,9.130000
fgn,9.170000
ffq,9.320000
ffl,9.440000
fel,9.100000
ffc,9.230000
feo,9.560000
fei,9.570000
ffi,9.610000
fen,9.790000
fdo,9.020000
fdh,9.070000
fdy,9.190000
fdw,9.280000
fde,9.390000
fdg,9.950000
fdb,9.970000
fcy,10.000000
fcf,9.010000
fcv,9.110000
fct,9.200000
fcq,9.660000
fcn,9.820000
fas,9.280000
far,9.430000
ezm,9.190000
fag,9.300000
ezn,9.460000
ezj,9.480000
ezq,9.710000
fal,9.840000
eyt,9.080000
eyq,9.090000
eyu,9.350000
eyz,9.700000
exd,9.220000
exs,9.230000
ewu,9.490000
exl,9.550000
ewx,9.610000
exj,9.830000
exy,9.840000
ext,9.890000
ewk,9.230000
ewf,9.250000
ewr,9.550000
evr,9.770000
evs,9.840000
eui,9.160000
evk,9.250000
euy,9.440000
euj,9.460000
evf,9.500000
eun,9.520000
eut,9.610000
evm,9.770000
eup,9.870000
evn,9.870000
euc,9.320000
etu,9.610000
etz,9.710000
etk,9.910000
ets,9.960000
esv,9.010000
esw,9.030000
esc,9.100000
esj,9.350000
est,9.510000
eta,9.670000
erx,9.780000
esp,9.860000
esl,9.880000
eqz,9.060000
eqr,9.200000
ert,9.500000
ere,9.610000
eqt,9.650000
erp,9.940000
epx,9.010000
epy,9.250000
eqf,9.460000
eqj,9.520000
eqd,9.560000
epm,9.650000
eql,9.680000
ept,9.710000
epw,9.710000
eqk,9.770000
epl,9.870000
eop,9.220000
eoz,9.310000
eoy,9.390000
eom,9.500000
epa,9.540000
eoi,9.590000
eov,9.600000
eox,9.680000
eon,9.800000
epd,9.840000
eow,9.990000
enx,9.010000
enp,9.330000
end,9.460000
ene,9.480000
eni,9.630000
enq,10.000000
elv,9.030000
elx,9.060000
emj,9.480000
els,9.630000
emc,9.680000
emd,9.780000
emn,9.860000
elz,9.980000
elq,9.070000
elm,9.110000
elh,9.570000
elp,9.840000
eld,9.980000
ekc,9.080000
eji,9.140000
ejr,9.590000
ekg,9.780000
ekh,9.790000
ejk,9.890000
ejl,9.930000
eiy,9.310000
eid,9.440000
eim,9.700000
ein,9.740000
egv,9.180000
ehk,9.550000
ehs,9.550000
ehm,9.560000
ehv,9.650000
ehi,9.850000
egn,9.200000
efq,9.260000
egq,9.470000
efr,9.480000
efv,9.570000
efa,9.160000
efb,9.200000
eet,9.510000
efd,9.600000
eel,9.810000
edt,9.370000
eeh,9.480000
eea,9.770000
edx,9.780000
edh,9.940000
edl,9.950000
ecl,9.380000
ecq,9.400000
ecu,9.420000
ecn,9.540000
ecd,9.680000
ecj,9.680000
ecf,9.750000
eck,9.780000
ebj,9.060000
ebt,9.070000
eaw,9.430000
eav,9.510000
ebs,9.640000
eau,9.680000
ebu,10.000000
dzs,9.030000
dzt,9.090000
dzw,9.130000
dzx,9.130000
ean,9.220000
dyz,9.040000
dyo,9.070000
dyj,9.150000
dzg,9.180000
dym,9.270000
dyi,9.730000
dza,9.730000
dyk,9.780000
dys,9.840000
dzc,9.910000
dxz,9.020000
dxr,9.520000
dxe,9.540000
dxu,9.590000
dyc,9.740000
dxm,9.760000
dvx,9.250000
dwr,9.290000
dvy,9.360000
dwd,9.450000
dwo,9.550000
dwl,9.660000
dwc,9.710000
dwk,9.720000
dwm,9.730000
dwa,9.810000
dwb,9.910000
dwu,9.960000
duu,9.450000
dus,9.500000
dvr,9.720000
dvf,9.730000
dvb,9.780000
dvo,9.960000
dui,9.120000
duh,9.230000
dua,9.290000
duc,9.490000
dtl,9.560000
duf,9.660000
dtp,9.710000
duk,9.980000
dte,9.090000
dsj,9.110000
dsm,9.160000
dtb,9.240000
dsn,9.270000
dsa,9.660000
dsq,9.740000
dsx,9.810000
dtc,9.960000
drh,9.270000
drq,9.370000
drs,9.540000
drg,9.620000
dro,9.650000
dqv,9.710000
dql,9.080000
dpp,9.190000
dpz,9.290000
dqs,9.380000
dqp,9.820000
dpw,9.830000
dpt,9.850000
dqo,9.950000
dqn,9.970000
dpx,10.000000
dov,9.140000
dpe,9.270000
dpn,9.700000
doy,9.960000
doa,9.230000
dog,9.230000
dnz,9.440000
doe,9.650000
dnx,9.780000
doc,9.940000
dml,9.140000
dmq,9.140000
dna,9.230000
dmv,9.380000
dmr,9.540000
dmp,9.690000
dma,9.750000
dmg,9.800000
dmi,9.810000
dlk,9.170000
dkw,9.440000
dlo,9.520000
dla,9.810000
dlt,9.870000
dle,9.920000
dls,9.960000
djv,9.120000
djs,9.310000
djz,9.690000
dkd,9.700000
dkn,9.830000
djm,9.920000
djw,9.940000
diq,9.090000
dik,9.470000
div,9.530000
djc,9.540000
djd,9.620000
dio,9.670000
diy,9.760000
dig,9.800000
dhm,9.390000
dhy,9.400000
dhv,9.480000
dib,9.660000
dge,9.120000
dfu,9.180000
dgu,9.260000
dgh,9.960000
dfr,9.450000
dfo,9.470000
deq,9.660000
dfh,9.670000
dem,9.810000
dez,9.950000
deo,9.970000
dfk,9.970000
dfe,10.000000
dek,9.080000
dec,9.170000
ddk,9.220000
ddx,9.570000
ded,9.580000
dej,9.620000
ddt,9.750000
dcn,9.070000
dck,9.130000
dcj,9.470000
dbp,9.190000
dbm,9.310000
dbt,9.370000
dbk,9.660000
dbz,9.910000
dbh,9.920000
dan,9.230000
czu,9.280000
czx,9.410000
daq,9.500000
czo,9.530000
dat,9.610000
daf,9.800000
dae,9.960000
dag,9.960000
cyp,9.670000
cxp,9.330000
cyh,9.520000
cxm,9.660000
cxz,9.800000
cyf,9.970000
cxg,10.000000
cwy,9.180000
cwt,9.200000
cwf,9.320000
cwh,9.340000
cwj,9.520000
cxb,9.620000
cvx,9.720000
cxa,9.790000
cuv,9.490000
cvg,9.550000
cur,9.800000
cvd,9.940000
ctu,9.560000
cuf,9.710000
cuo,9.820000
cse,9.080000
ctd,9.290000
csr,9.500000
csl,9.560000
ctc,9.750000
ctf,9.870000
crb,9.300000
crl,9.320000
crj,9.440000
crn,9.540000
cqg,9.030000
cqe,9.420000
cqu,9.500000
cqx,9.730000
cqp,9.780000
cqs,9.840000
cqv,9.840000
cqn,9.910000
cou,9.040000
cpr,9.290000
coq,9.370000
cpb,9.450000
cpk,9.580000
cph,9.920000
coy,9.950000
cok,9.030000
cns,9.200000
cnp,9.290000
cog,9.320000
cnx,9.340000
cnh,9.540000
cny,9.670000
cni,9.850000
coa,9.870000
cnc,9.310000
cmg,9.330000
cnb,9.380000
cmc,9.410000
cmm,9.670000
cnd,9.950000
clt,9.080000
clr,9.180000
cld,9.210000
clx,9.500000
clc,9.510000
clu,9.530000
clm,9.840000
clk,9.950000
cle,9.980000
ckq,9.210000
cjx,9.260000
ckb,9.360000
cjv,9.440000
cjp,9.460000
cjq,9.660000
cjm,9.330000
cje,9.480000
cip,9.510000
cjg,9.620000
cjn,9.700000
cjl,9.740000
cih,9.140000
chu,9.270000
chy,9.510000
cig,9.610000
chh,9.870000
cfy,9.300000
cgp,9.400000
cgw,9.400000
cfx,9.490000
cgf,9.840000
cft,9.020000
cfc,9.150000
ceu,9.260000
cfg,9.390000
cfh,9.420000
ceq,9.580000
cfl,9.680000
cfb,9.800000
cey,9.910000
cdo,9.030000
cea,9.370000
cef,9.450000
ccs,9.350000
ccq,9.390000
cdb,9.410000
cdj,9.750000
ccf,9.960000
cbu,9.080000
cbt,9.280000
ccc,9.470000
cbv,9.540000
cbe,9.550000
cbb,9.710000
cca,9.740000
caz,9.770000
caa,9.030000
bzu,9.110000
cam,9.230000
caj,9.420000
cak,9.470000
caq,9.530000
bzs,9.650000
can,9.740000
cag,9.830000
bzy,9.870000
bzw,9.980000
bzz,10.000000
bzh,9.210000
bzq,9.260000
byq,9.360000
bze,9.480000
bzp,9.570000
bzf,9.610000
bzi,9.740000
bxw,9.020000
bxs,9.080000
bxn,9.310000
byj,9.330000
bxg,9.350000
bxh,9.350000
byk,9.430000
bxx,9.460000
bxy,9.650000
bxo,9.700000
bwl,9.060000
bwz,9.090000
bwr,9.210000
bwv,9.320000
bwq,9.400000
bxe,9.410000
bww,9.510000
bwj,9.550000
bwt,9.920000
bwg,9.990000
buy,9.080000
bvg,9.270000
bvt,9.370000
bvv,9.550000
bvx,9.550000
buw,9.810000
bvs,9.880000
buo,9.240000
bur,9.240000
btv,9.280000
bub,9.410000
buj,9.660000
bui,9.790000
buk,9.920000
bun,9.940000
btw,9.960000
bsp,9.080000
bsu,9.300000
bsn,9.330000
bsy,9.440000
bsi,9.910000
brv,9.170000
brd,9.350000
bsb,9.370000
bri,9.460000
bsh,9.650000
brq,9.780000
bqx,9.330000
bpz,9.680000
bqt,9.790000
bpw,9.860000
bqr,9.910000
bpd,9.090000
bos,9.260000
bpf,9.450000
bpg,9.550000
bpk,9.730000
bou,9.840000
bow,9.840000
bpm,9.850000
bpj,9.920000
boz,9.930000
bnp,9.340000
boe,9.380000
bop,9.390000
bol,9.450000
bnv,9.720000
bnn,9.750000
bnl,9.870000
bnd,9.370000
bmv,9.510000
bmq,9.690000
bmh,9.860000
bmu,9.970000
bls,9.110000
bly,9.430000
blm,9.470000
blu,9.470000
blr,9.820000
blq,9.830000
blw,9.870000
blj,9.880000
bmd,9.970000
bki,9.120000
bkx,9.270000
bkp,9.450000
bjt,9.720000
bix,9.070000
bjr,9.300000
bjb,9.410000
bji,9.420000
bjc,9.480000
biy,9.950000
bhr,9.070000
bhu,9.260000
bia,9.450000
bhj,9.730000
bhm,9.840000
bil,9.970000
bgj,9.370000
bgy,9.470000
bge,9.710000
bgv,9.900000
bfv,9.100000
bfs,9.250000
bfw,9.290000
bfn,9.330000
bfo,9.400000
bff,9.510000
bey,9.530000
beu,9.780000
bfd,9.980000
bdp,9.030000
beg,9.480000
bei,9.540000
beb,9.550000
bdt,9.740000
bdr,9.870000
bef,9.990000
bdi,9.220000
bdn,9.430000
bdc,9.510000
bdf,9.600000
bcp,9.660000
bdh,9.940000
bbi,9.290000
bbu,9.960000
bcg,9.970000
bae,9.100000
baq,9.340000
bat,9.530000
bao,9.540000
bab,9.750000
ayt,9.360000
aze,9.380000
ays,9.570000
axq,9.720000
ayn,9.770000
ayd,9.860000
axs,10.000000
awe,9.020000
axe,9.060000
awj,9.170000
awg,9.230000
awv,9.350000
axc,9.550000
awk,9.880000
axa,9.990000
auz,9.050000
awa,9.110000
avh,9.130000
auy,9.270000
avo,9.540000
avr,9.590000
avs,9.590000
avu,9.710000
avz,9.810000
avk,9.950000
auq,9.030000
atx,9.100000
aua,9.200000
atv,9.220000
aub,9.220000
aut,9.260000
aup,9.270000
auk,9.630000
aug,9.780000
atz,9.830000
auh,9.900000
ato,9.010000
asy,9.020000
ast,9.180000
atf,9.590000
atp,9.690000
asn,9.750000
atd,9.780000
arp,9.050000
art,9.060000
asb,9.140000
ari,9.280000
arr,9.420000
ary,9.470000
asg,9.550000
arq,9.620000
arx,9.710000
aro,9.720000
aru,9.860000
aqt,9.460000
ard,9.500000
aqo,9.520000
app,9.030000
apy,9.030000
apt,9.130000
aps,9.190000
apq,9.560000
apk,9.620000
aph,9.700000
apr,9.730000
aoa,9.030000
aot,9.430000
ant,9.580000
ans,9.590000
aog,9.610000
anw,9.770000
aol,9.850000
anq,9.870000
anv,9.870000
anf,9.310000
anm,9.380000
ang,9.640000
amj,9.750000
amo,9.770000
anb,9.930000
ami,9.990000
ale,9.220000
alt,9.390000
alz,9.530000
alv,9.550000
amf,9.570000
alo,9.740000
all,9.750000
alg,9.860000
akn,9.110000
akw,9.140000
akq,9.570000
ajy,9.610000
akd,9.700000
akp,9.970000
ajr,9.170000
aiy,9.240000
aji,9.720000
air,9.760000
aiu,9.790000
aiv,9.890000
ahp,9.060000
ahx,9.660000
aij,9.680000
ahn,9.820000
ahh,9.020000
ahb,9.170000
agg,9.180000
agn,9.740000
aha,9.780000
afl,9.360000
aey,9.450000
afs,9.560000
aga,9.620000
aez,9.810000
afv,9.930000
afn,9.970000
aek,9.150000
aen,9.170000
aer,9.340000
ads,9.380000
aeh,9.890000
aee,9.990000
acs,9.070000
act,9.110000
ade,9.190000
acv,9.450000
acx,9.450000
adq,9.720000
aah,9.080000
abp,9.130000
aat,9.250000
abj,9.250000
aaw,9.290000
aag,9.310000
abe,9.330000
aad,9.500000
acf,9.500000
abc,9.510000
abl,9.530000
abb,9.570000
acj,9.590000
aac,9.730000
aap,9.730000
aao,9.820000
aci,9.870000
abo,9.890000
abh,9.930000
